User,Total File Size (MB)
User1,118.45960998535156
User2,106.76066207885742
User3,89.53517532348633
