_id,Frequency,Min X,Max X,Average X,X Std Dev,Min Y,Max Y,Average Y,Y Std Dev,Min Z,Max Z,Average Z,Z Std Dev
,10000,0.0,0.237023,0.1571351601,0.08713855266728643,-0.067038,0.0,-0.026259556400000002,0.016062647900798248,0.0,9.706094,7.3979324467,4.090054464410732
,Query Execution Time (seconds),0.014512062072753906,,,,,,,,,,,
