Class,True Positives (%),False Positives (%),True Negatives (%),False Negatives (%)
Null,24.437299035369776,17.363344051446948,48.231511254019296,9.967845659163988
Still,4.501607717041801,5.144694533762058,77.81350482315112,12.540192926045016
Walking,4.180064308681672,2.2508038585209005,86.49517684887459,7.07395498392283
Run,0.0,1.2861736334405145,98.71382636655949,0.0
Bike,7.07395498392283,1.2861736334405145,88.10289389067523,3.536977491961415
Car,1.2861736334405145,3.536977491961415,84.88745980707395,10.289389067524116
Bus,0.0,9.003215434083602,88.42443729903538,2.572347266881029
Train,2.8938906752411575,5.144694533762058,83.60128617363344,8.360128617363344
Subway,0.964630225080386,9.646302250803858,89.06752411575563,0.3215434083601286
